{
  "metadata": {
    "runtime": "mock",
    "dataset": "voice_turns",
    "timestamp": "2026-05-27T20:33:50.438078+00:00",
    "concurrency_levels": [
      1,
      4,
      8,
      16,
      32
    ]
  },
  "results": [
    {
      "concurrency": 1,
      "successful_requests": 1,
      "failed_requests": 0,
      "ttft_ms": {
        "mean": 100.1671220001299,
        "median": 100.1671220001299,
        "p95": 100.1671220001299,
        "min": 100.1671220001299,
        "max": 100.1671220001299
      },
      "e2e_ms": {
        "mean": 621.0747209988767,
        "median": 621.0747209988767,
        "p95": 621.0747209988767
      },
      "tpot_ms": {
        "mean": 32.55672493742168,
        "median": 32.55672493742168
      },
      "throughput_tps": {
        "mean": 27.371907799851904,
        "total": 27.371907799851904
      },
      "tokens": {
        "total": 17,
        "mean_per_request": 17
      }
    },
    {
      "concurrency": 4,
      "successful_requests": 4,
      "failed_requests": 0,
      "ttft_ms": {
        "mean": 93.57561550132232,
        "median": 90.3355560003547,
        "p95": 116.01765825253096,
        "min": 88.18471900303848,
        "max": 105.44663100154139
      },
      "e2e_ms": {
        "mean": 631.6270325005462,
        "median": 619.588018500508,
        "p95": 715.2140324942593
      },
      "tpot_ms": {
        "mean": 33.104434526609005,
        "median": 33.113730937429864
      },
      "throughput_tps": {
        "mean": 27.326835432315804,
        "total": 102.17405328681797
      },
      "tokens": {
        "total": 69,
        "mean_per_request": 17.25
      }
    },
    {
      "concurrency": 8,
      "successful_requests": 8,
      "failed_requests": 0,
      "ttft_ms": {
        "mean": 100.1998871251999,
        "median": 102.92687649780419,
        "p95": 120.33237505020224,
        "min": 84.15217799483798,
        "max": 115.8265490012127
      },
      "e2e_ms": {
        "mean": 638.7617351256267,
        "median": 633.0043470006785,
        "p95": 765.0433373968553
      },
      "tpot_ms": {
        "mean": 33.13100248670132,
        "median": 32.81354834371086
      },
      "throughput_tps": {
        "mean": 27.048506431618215,
        "total": 191.4191215980732
      },
      "tokens": {
        "total": 138,
        "mean_per_request": 17.25
      }
    },
    {
      "concurrency": 16,
      "successful_requests": 16,
      "failed_requests": 0,
      "ttft_ms": {
        "mean": 99.55655999920054,
        "median": 99.69741600070847,
        "p95": 114.1536618975806,
        "min": 81.18677399761509,
        "max": 114.14349699771265
      },
      "e2e_ms": {
        "mean": 646.0424566244001,
        "median": 653.1619910019799,
        "p95": 673.1162375992426
      },
      "tpot_ms": {
        "mean": 33.24147419325594,
        "median": 33.33716470596675
      },
      "throughput_tps": {
        "mean": 27.007737261749185,
        "total": 414.4915110404389
      },
      "tokens": {
        "total": 279,
        "mean_per_request": 17.4375
      }
    },
    {
      "concurrency": 32,
      "successful_requests": 32,
      "failed_requests": 0,
      "ttft_ms": {
        "mean": 101.80835415690126,
        "median": 103.60710800159723,
        "p95": 117.509429747588,
        "min": 83.1691769999452,
        "max": 118.84029499924509
      },
      "e2e_ms": {
        "mean": 648.4024295000381,
        "median": 648.5721055032627,
        "p95": 699.6604185464093
      },
      "tpot_ms": {
        "mean": 33.24322572342537,
        "median": 33.245277766528645
      },
      "throughput_tps": {
        "mean": 26.921923280252102,
        "total": 794.5759058998212
      },
      "tokens": {
        "total": 558,
        "mean_per_request": 17.4375
      }
    }
  ]
}