{
  "metadata": {
    "runtime": "mock",
    "dataset": "voice_turns",
    "timestamp": "2026-05-27T20:49:50.648965+00:00",
    "concurrency_levels": [
      1,
      4,
      8,
      16,
      32
    ]
  },
  "results": [
    {
      "concurrency": 1,
      "successful_requests": 1,
      "failed_requests": 0,
      "ttft_ms": {
        "mean": 88.13663900218671,
        "median": 88.13663900218671,
        "p95": 88.13663900218671,
        "min": 88.13663900218671,
        "max": 88.13663900218671
      },
      "e2e_ms": {
        "mean": 592.2200760032865,
        "median": 592.2200760032865,
        "p95": 592.2200760032865
      },
      "tpot_ms": {
        "mean": 31.505214812568738,
        "median": 31.505214812568738
      },
      "throughput_tps": {
        "mean": 28.70554492972923,
        "total": 28.70554492972923
      },
      "tokens": {
        "total": 17,
        "mean_per_request": 17
      }
    },
    {
      "concurrency": 4,
      "successful_requests": 4,
      "failed_requests": 0,
      "ttft_ms": {
        "mean": 90.76420400197094,
        "median": 88.75191250263015,
        "p95": 112.45795449940488,
        "min": 82.17438500287244,
        "max": 103.37860599975102
      },
      "e2e_ms": {
        "mean": 625.2558205014793,
        "median": 614.2512720034574,
        "p95": 696.2535445018148
      },
      "tpot_ms": {
        "mean": 32.89190534371755,
        "median": 32.847680343820684
      },
      "throughput_tps": {
        "mean": 27.597656312013715,
        "total": 104.1642270471204
      },
      "tokens": {
        "total": 69,
        "mean_per_request": 17.25
      }
    },
    {
      "concurrency": 8,
      "successful_requests": 8,
      "failed_requests": 0,
      "ttft_ms": {
        "mean": 101.38879299938708,
        "median": 99.88707150114351,
        "p95": 118.88766869960818,
        "min": 82.12272499804385,
        "max": 116.64070199913112
      },
      "e2e_ms": {
        "mean": 640.9374471249976,
        "median": 637.9430990018591,
        "p95": 697.4555026004964
      },
      "tpot_ms": {
        "mean": 33.2096688405707,
        "median": 33.52229571146381
      },
      "throughput_tps": {
        "mean": 26.921377384883037,
        "total": 203.01055980752952
      },
      "tokens": {
        "total": 138,
        "mean_per_request": 17.25
      }
    },
    {
      "concurrency": 16,
      "successful_requests": 16,
      "failed_requests": 0,
      "ttft_ms": {
        "mean": 102.49537256277108,
        "median": 104.11824749826337,
        "p95": 116.30526649678359,
        "min": 85.15552800236037,
        "max": 116.13466699782293
      },
      "e2e_ms": {
        "mean": 635.6922350000787,
        "median": 637.6953580038389,
        "p95": 692.3281179959304
      },
      "tpot_ms": {
        "mean": 32.681705063175606,
        "median": 32.86508121708293
      },
      "throughput_tps": {
        "mean": 27.270923500832343,
        "total": 400.9707841432654
      },
      "tokens": {
        "total": 277,
        "mean_per_request": 17.3125
      }
    },
    {
      "concurrency": 32,
      "successful_requests": 32,
      "failed_requests": 0,
      "ttft_ms": {
        "mean": 94.77709275097368,
        "median": 93.7059629977739,
        "p95": 110.16378305466787,
        "min": 82.13420800166205,
        "max": 115.47012500523124
      },
      "e2e_ms": {
        "mean": 636.5756190314187,
        "median": 629.2338570019638,
        "p95": 681.5028617533244
      },
      "tpot_ms": {
        "mean": 33.01926710208684,
        "median": 32.943651124924145
      },
      "throughput_tps": {
        "mean": 27.360852065361208,
        "total": 815.6922434437922
      },
      "tokens": {
        "total": 557,
        "mean_per_request": 17.40625
      }
    }
  ]
}