{
  "metadata": {
    "runtime": "mock",
    "dataset": "voice_turns",
    "timestamp": "2026-05-27T21:02:48.099369+00:00",
    "concurrency_levels": [
      1,
      4,
      8,
      16,
      32
    ]
  },
  "results": [
    {
      "concurrency": 1,
      "successful_requests": 1,
      "failed_requests": 0,
      "ttft_ms": {
        "mean": 89.16675300133647,
        "median": 89.16675300133647,
        "p95": 89.16675300133647,
        "min": 89.16675300133647,
        "max": 89.16675300133647
      },
      "e2e_ms": {
        "mean": 624.6077609976055,
        "median": 624.6077609976055,
        "p95": 624.6077609976055
      },
      "tpot_ms": {
        "mean": 33.465062999766815,
        "median": 33.465062999766815
      },
      "throughput_tps": {
        "mean": 27.217080961094833,
        "total": 27.217080961094833
      },
      "tokens": {
        "total": 17,
        "mean_per_request": 17
      }
    },
    {
      "concurrency": 4,
      "successful_requests": 4,
      "failed_requests": 0,
      "ttft_ms": {
        "mean": 98.80981350215734,
        "median": 97.81302200281061,
        "p95": 123.94729199695576,
        "min": 86.20362500369083,
        "max": 113.4095849993173
      },
      "e2e_ms": {
        "mean": 640.3841542505688,
        "median": 627.6083564989676,
        "p95": 722.9455272572523
      },
      "tpot_ms": {
        "mean": 33.309752048614214,
        "median": 33.297774874881725
      },
      "throughput_tps": {
        "mean": 26.949521583225795,
        "total": 101.12680513264846
      },
      "tokens": {
        "total": 69,
        "mean_per_request": 17.25
      }
    },
    {
      "concurrency": 8,
      "successful_requests": 8,
      "failed_requests": 0,
      "ttft_ms": {
        "mean": 102.90793837430101,
        "median": 105.41573999944376,
        "p95": 119.27750344948436,
        "min": 86.18241299700458,
        "max": 118.68606699863449
      },
      "e2e_ms": {
        "mean": 627.8293524992478,
        "median": 622.4129744987295,
        "p95": 681.1599820448464
      },
      "tpot_ms": {
        "mean": 32.538474073526366,
        "median": 32.56561028138094
      },
      "throughput_tps": {
        "mean": 27.30153136467197,
        "total": 203.93728467141977
      },
      "tokens": {
        "total": 137,
        "mean_per_request": 17.125
      }
    },
    {
      "concurrency": 16,
      "successful_requests": 16,
      "failed_requests": 0,
      "ttft_ms": {
        "mean": 100.29847581245122,
        "median": 97.23533749638591,
        "p95": 120.6985365068249,
        "min": 81.19011300004786,
        "max": 120.2400540059898
      },
      "e2e_ms": {
        "mean": 633.3840854995287,
        "median": 623.8758504987345,
        "p95": 711.823757901584
      },
      "tpot_ms": {
        "mean": 33.051573843034234,
        "median": 32.94886093749483
      },
      "throughput_tps": {
        "mean": 27.06699366228511,
        "total": 388.79565061435693
      },
      "tokens": {
        "total": 274,
        "mean_per_request": 17.125
      }
    },
    {
      "concurrency": 32,
      "successful_requests": 32,
      "failed_requests": 0,
      "ttft_ms": {
        "mean": 100.15399643702949,
        "median": 97.85398149688262,
        "p95": 118.85031394667749,
        "min": 81.34432700171601,
        "max": 121.02987900289008
      },
      "e2e_ms": {
        "mean": 643.0434917187995,
        "median": 637.2189105022699,
        "p95": 693.4309887044947
      },
      "tpot_ms": {
        "mean": 33.09352545809762,
        "median": 33.39387100027125
      },
      "throughput_tps": {
        "mean": 27.096202936780752,
        "total": 800.868431242568
      },
      "tokens": {
        "total": 557,
        "mean_per_request": 17.40625
      }
    }
  ]
}