{
  "metadata": {
    "runtime": "mock",
    "dataset": "voice_turns",
    "timestamp": "2026-05-27T20:45:43.281385+00:00",
    "concurrency_levels": [
      1,
      4,
      8,
      16,
      32
    ]
  },
  "results": [
    {
      "concurrency": 1,
      "successful_requests": 1,
      "failed_requests": 0,
      "ttft_ms": {
        "mean": 95.1955570053542,
        "median": 95.1955570053542,
        "p95": 95.1955570053542,
        "min": 95.1955570053542,
        "max": 95.1955570053542
      },
      "e2e_ms": {
        "mean": 590.063015006308,
        "median": 590.063015006308,
        "p95": 590.063015006308
      },
      "tpot_ms": {
        "mean": 30.92921612505961,
        "median": 30.92921612505961
      },
      "throughput_tps": {
        "mean": 28.810482215731255,
        "total": 28.810482215731255
      },
      "tokens": {
        "total": 17,
        "mean_per_request": 17
      }
    },
    {
      "concurrency": 4,
      "successful_requests": 4,
      "failed_requests": 0,
      "ttft_ms": {
        "mean": 99.27003625307407,
        "median": 96.75972900367924,
        "p95": 123.51005150048877,
        "min": 89.14450400334317,
        "max": 114.41618300159462
      },
      "e2e_ms": {
        "mean": 647.6321525005915,
        "median": 646.6290650023439,
        "p95": 661.7882764985552
      },
      "tpot_ms": {
        "mean": 32.74108053385723,
        "median": 32.731917441089855
      },
      "throughput_tps": {
        "mean": 27.405630049544897,
        "total": 108.27559260305823
      },
      "tokens": {
        "total": 71,
        "mean_per_request": 17.75
      }
    },
    {
      "concurrency": 8,
      "successful_requests": 8,
      "failed_requests": 0,
      "ttft_ms": {
        "mean": 106.05836224840459,
        "median": 105.92875449583516,
        "p95": 117.27864010390476,
        "min": 86.14399100042647,
        "max": 116.70179900102085
      },
      "e2e_ms": {
        "mean": 652.5757957497262,
        "median": 656.1567274984554,
        "p95": 727.5952909563784
      },
      "tpot_ms": {
        "mean": 33.62802444861004,
        "median": 33.95153065616796
      },
      "throughput_tps": {
        "mean": 26.45800863646686,
        "total": 195.60679387556937
      },
      "tokens": {
        "total": 138,
        "mean_per_request": 17.25
      }
    },
    {
      "concurrency": 16,
      "successful_requests": 16,
      "failed_requests": 0,
      "ttft_ms": {
        "mean": 101.90941037535595,
        "median": 102.57633099899977,
        "p95": 118.60400180230499,
        "min": 88.21578600327484,
        "max": 118.12616600218462
      },
      "e2e_ms": {
        "mean": 643.6925673756377,
        "median": 647.2652955017111,
        "p95": 681.0399758014682
      },
      "tpot_ms": {
        "mean": 32.83429372680924,
        "median": 33.10502644844479
      },
      "throughput_tps": {
        "mean": 27.212411339976367,
        "total": 411.2283649148909
      },
      "tokens": {
        "total": 280,
        "mean_per_request": 17.5
      }
    },
    {
      "concurrency": 32,
      "successful_requests": 32,
      "failed_requests": 0,
      "ttft_ms": {
        "mean": 101.94692275058514,
        "median": 103.78517350181937,
        "p95": 116.7703689487098,
        "min": 81.3080810039537,
        "max": 118.0134399983217
      },
      "e2e_ms": {
        "mean": 642.9027742497055,
        "median": 645.0681719979912,
        "p95": 677.5152178463031
      },
      "tpot_ms": {
        "mean": 32.97792641228458,
        "median": 33.33781986961024
      },
      "throughput_tps": {
        "mean": 27.08656797071189,
        "total": 819.6100856726857
      },
      "tokens": {
        "total": 557,
        "mean_per_request": 17.40625
      }
    }
  ]
}