{
  "metadata": {
    "runtime": "ollama",
    "dataset": "voice_turns",
    "timestamp": "2026-05-27T21:17:27.561038+00:00",
    "concurrency_levels": [
      1,
      4,
      8,
      16,
      32
    ]
  },
  "results": [
    {
      "concurrency": 1,
      "successful_requests": 1,
      "failed_requests": 0,
      "ttft_ms": {
        "mean": 132.1348660003423,
        "median": 132.1348660003423,
        "p95": 132.1348660003423,
        "min": 132.1348660003423,
        "max": 132.1348660003423
      },
      "e2e_ms": {
        "mean": 271.0497200005193,
        "median": 271.0497200005193,
        "p95": 271.0497200005193
      },
      "tpot_ms": {
        "mean": 23.152475666696166,
        "median": 23.152475666696166
      },
      "throughput_tps": {
        "mean": 25.825520129615292,
        "total": 25.825520129615292
      },
      "tokens": {
        "total": 7,
        "mean_per_request": 7
      }
    },
    {
      "concurrency": 4,
      "successful_requests": 4,
      "failed_requests": 0,
      "ttft_ms": {
        "mean": 5280.456865750239,
        "median": 5301.621372000227,
        "p95": 14099.420959999406,
        "min": 156.79165400069905,
        "max": 10361.793064999802
      },
      "e2e_ms": {
        "mean": 7877.655982750184,
        "median": 7855.631020000146,
        "p95": 10890.033105499697
      },
      "tpot_ms": {
        "mean": 20.865943503781445,
        "median": 20.317932306586428
      },
      "throughput_tps": {
        "mean": 19.309480040432327,
        "total": 50.10802179427915
      },
      "tokens": {
        "total": 534,
        "mean_per_request": 133.5
      }
    },
    {
      "concurrency": 8,
      "successful_requests": 8,
      "failed_requests": 0,
      "ttft_ms": {
        "mean": 12526.1149641251,
        "median": 13235.408706999806,
        "p95": 21428.457012050105,
        "min": 159.50480600076844,
        "max": 21257.571049000035
      },
      "e2e_ms": {
        "mean": 15749.009989499995,
        "median": 15803.424201500093,
        "p95": 28937.78496969921
      },
      "tpot_ms": {
        "mean": 20.32577045685503,
        "median": 19.557505384314116
      },
      "throughput_tps": {
        "mean": 14.591813185280238,
        "total": 50.58501365725809
      },
      "tokens": {
        "total": 1326,
        "mean_per_request": 165.75
      }
    },
    {
      "concurrency": 16,
      "successful_requests": 16,
      "failed_requests": 0,
      "ttft_ms": {
        "mean": 32293.884107750215,
        "median": 28408.260751999933,
        "p95": 74156.61994709972,
        "min": 403.69713799918827,
        "max": 73408.1265599998
      },
      "e2e_ms": {
        "mean": 36288.567506999985,
        "median": 33411.836652999686,
        "p95": 73924.15120719916
      },
      "tpot_ms": {
        "mean": 19.97428041323418,
        "median": 19.61338830392111
      },
      "throughput_tps": {
        "mean": 10.980110767901046,
        "total": 44.34351183368646
      },
      "tokens": {
        "total": 3275,
        "mean_per_request": 204.6875
      }
    },
    {
      "concurrency": 32,
      "successful_requests": 28,
      "failed_requests": 4,
      "ttft_ms": {
        "mean": 60558.046005142874,
        "median": 58520.50635249998,
        "p95": 116586.84374944997,
        "min": 620.050640000045,
        "max": 118757.63355199978
      },
      "e2e_ms": {
        "mean": 64935.23247271427,
        "median": 63586.41903449962,
        "p95": 121608.48932619998
      },
      "tpot_ms": {
        "mean": 19.9859666701172,
        "median": 19.77840566078514
      },
      "throughput_tps": {
        "mean": 6.687761616283311,
        "total": 50.2399158833758
      },
      "tokens": {
        "total": 6218,
        "mean_per_request": 222.07142857142858
      }
    }
  ]
}