{
  "metadata": {
    "runtime": "ollama",
    "dataset": "sharegpt_sample",
    "timestamp": "2026-05-27T21:24:35.130117+00:00",
    "concurrency_levels": [
      1,
      4,
      8,
      16,
      32
    ]
  },
  "results": [
    {
      "concurrency": 1,
      "successful_requests": 1,
      "failed_requests": 0,
      "ttft_ms": {
        "mean": 135.39709799988486,
        "median": 135.39709799988486,
        "p95": 135.39709799988486,
        "min": 135.39709799988486,
        "max": 135.39709799988486
      },
      "e2e_ms": {
        "mean": 5241.069114999846,
        "median": 5241.069114999846,
        "p95": 5241.069114999846
      },
      "tpot_ms": {
        "mean": 20.022243203921416,
        "median": 20.022243203921416
      },
      "throughput_tps": {
        "mean": 48.84499600803443,
        "total": 48.84499600803443
      },
      "tokens": {
        "total": 256,
        "mean_per_request": 256
      }
    },
    {
      "concurrency": 4,
      "successful_requests": 4,
      "failed_requests": 0,
      "ttft_ms": {
        "mean": 7756.087334749964,
        "median": 7755.863650000265,
        "p95": 19168.386503249392,
        "min": 153.7936289996651,
        "max": 15358.82840999966
      },
      "e2e_ms": {
        "mean": 12791.395911499876,
        "median": 12771.170270999846,
        "p95": 24285.103437249974
      },
      "tpot_ms": {
        "mean": 19.746308144117304,
        "median": 19.72905249607827
      },
      "throughput_tps": {
        "mean": 25.911438528913266,
        "total": 50.10044031327328
      },
      "tokens": {
        "total": 1024,
        "mean_per_request": 256
      }
    },
    {
      "concurrency": 8,
      "successful_requests": 8,
      "failed_requests": 0,
      "ttft_ms": {
        "mean": 17961.039532000086,
        "median": 17914.936351000506,
        "p95": 38575.68908025041,
        "min": 260.7563369992931,
        "max": 35785.90048800015
      },
      "e2e_ms": {
        "mean": 23007.240324000122,
        "median": 22975.589937500445,
        "p95": 43608.89694855113
      },
      "tpot_ms": {
        "mean": 19.798714857436067,
        "median": 19.8088681568633
      },
      "throughput_tps": {
        "mean": 16.78073926909248,
        "total": 50.130446436706315
      },
      "tokens": {
        "total": 2047,
        "mean_per_request": 255.875
      }
    },
    {
      "concurrency": 16,
      "successful_requests": 16,
      "failed_requests": 0,
      "ttft_ms": {
        "mean": 38092.363423875046,
        "median": 38109.29308200002,
        "p95": 76687.4342643006,
        "min": 439.40693300010025,
        "max": 75911.72825100058
      },
      "e2e_ms": {
        "mean": 43094.31936456264,
        "median": 43109.223302999904,
        "p95": 81671.39098590042
      },
      "tpot_ms": {
        "mean": 19.620331749428154,
        "median": 19.61453757647213
      },
      "throughput_tps": {
        "mean": 10.375774973103367,
        "total": 50.619616633947864
      },
      "tokens": {
        "total": 4095,
        "mean_per_request": 255.9375
      }
    },
    {
      "concurrency": 32,
      "successful_requests": 24,
      "failed_requests": 8,
      "ttft_ms": {
        "mean": 58468.65394108329,
        "median": 58434.2009220004,
        "p95": 114892.04929274957,
        "min": 548.405929999717,
        "max": 116132.54907899955
      },
      "e2e_ms": {
        "mean": 63452.10387370832,
        "median": 63457.332503500766,
        "p95": 119479.80574524945
      },
      "tpot_ms": {
        "mean": 19.649159079324846,
        "median": 19.626274552942334
      },
      "throughput_tps": {
        "mean": 7.68467325612808,
        "total": 50.67834907895
      },
      "tokens": {
        "total": 6111,
        "mean_per_request": 254.625
      }
    }
  ]
}