{
  "metadata": {
    "runtime": "sglang",
    "dataset": "voice_turns",
    "timestamp": "2026-05-27T21:05:30.854486+00:00",
    "concurrency_levels": [
      1,
      4,
      8,
      16,
      32
    ]
  },
  "results": [
    {
      "concurrency": 1,
      "successful_requests": 1,
      "failed_requests": 0,
      "ttft_ms": {
        "mean": 117.60806100028276,
        "median": 117.60806100028276,
        "p95": 117.60806100028276,
        "min": 117.60806100028276,
        "max": 117.60806100028276
      },
      "e2e_ms": {
        "mean": 510.2196449997791,
        "median": 510.2196449997791,
        "p95": 510.2196449997791
      },
      "tpot_ms": {
        "mean": 65.43526399991606,
        "median": 65.43526399991606
      },
      "throughput_tps": {
        "mean": 13.719581495148095,
        "total": 13.719581495148095
      },
      "tokens": {
        "total": 7,
        "mean_per_request": 7
      }
    },
    {
      "concurrency": 4,
      "successful_requests": 4,
      "failed_requests": 0,
      "ttft_ms": {
        "mean": 417.9349947501123,
        "median": 418.7302895002176,
        "p95": 453.22587449982166,
        "min": 392.1539140001187,
        "max": 442.1254859998953
      },
      "e2e_ms": {
        "mean": 8100.866114250266,
        "median": 8228.000543000235,
        "p95": 15126.685081251024
      },
      "tpot_ms": {
        "mean": 60.9829893028803,
        "median": 59.429958041051
      },
      "throughput_tps": {
        "mean": 13.606846208365598,
        "total": 35.496351895445336
      },
      "tokens": {
        "total": 536,
        "mean_per_request": 134
      }
    },
    {
      "concurrency": 8,
      "successful_requests": 8,
      "failed_requests": 0,
      "ttft_ms": {
        "mean": 206.25709862508756,
        "median": 207.71036549967903,
        "p95": 265.0552618502388,
        "min": 156.10431500044797,
        "max": 255.91278400042938
      },
      "e2e_ms": {
        "mean": 9858.933001000081,
        "median": 15016.458822999994,
        "p95": 15125.14072795011
      },
      "tpot_ms": {
        "mean": 61.351732486658385,
        "median": 58.243846007842556
      },
      "throughput_tps": {
        "mean": 15.594671073594249,
        "total": 88.0386670226156
      },
      "tokens": {
        "total": 1330,
        "mean_per_request": 166.25
      }
    },
    {
      "concurrency": 16,
      "successful_requests": 16,
      "failed_requests": 0,
      "ttft_ms": {
        "mean": 238.00302843756072,
        "median": 237.7373785002419,
        "p95": 364.9691321003047,
        "min": 115.83476699979656,
        "max": 362.07342200032144
      },
      "e2e_ms": {
        "mean": 12523.452068750088,
        "median": 15263.798096500068,
        "p95": 15405.474552250507
      },
      "tpot_ms": {
        "mean": 60.04653438063231,
        "median": 59.18612015686235
      },
      "throughput_tps": {
        "mean": 15.85195634376576,
        "total": 216.38491796331712
      },
      "tokens": {
        "total": 3333,
        "mean_per_request": 208.3125
      }
    },
    {
      "concurrency": 32,
      "successful_requests": 32,
      "failed_requests": 0,
      "ttft_ms": {
        "mean": 556.4946365936976,
        "median": 536.4883339998414,
        "p95": 979.5128599998407,
        "min": 277.1774599996206,
        "max": 988.1548700004714
      },
      "e2e_ms": {
        "mean": 15295.304182562602,
        "median": 17303.154060999987,
        "p95": 17623.875964199808
      },
      "tpot_ms": {
        "mean": 68.65805310861573,
        "median": 66.54525131960898
      },
      "throughput_tps": {
        "mean": 14.008385765740586,
        "total": 405.49339789544996
      },
      "tokens": {
        "total": 7156,
        "mean_per_request": 223.625
      }
    }
  ]
}