{
  "metadata": {
    "runtime": "sglang",
    "dataset": "sharegpt_sample",
    "timestamp": "2026-05-27T21:08:10.540820+00:00",
    "concurrency_levels": [
      1,
      4,
      8,
      16,
      32
    ]
  },
  "results": [
    {
      "concurrency": 1,
      "successful_requests": 1,
      "failed_requests": 0,
      "ttft_ms": {
        "mean": 117.59910999990097,
        "median": 117.59910999990097,
        "p95": 117.59910999990097,
        "min": 117.59910999990097,
        "max": 117.59910999990097
      },
      "e2e_ms": {
        "mean": 14475.127919999977,
        "median": 14475.127919999977,
        "p95": 14475.127919999977
      },
      "tpot_ms": {
        "mean": 56.30403454901991,
        "median": 56.30403454901991
      },
      "throughput_tps": {
        "mean": 17.685508647304612,
        "total": 17.685508647304612
      },
      "tokens": {
        "total": 256,
        "mean_per_request": 256
      }
    },
    {
      "concurrency": 4,
      "successful_requests": 4,
      "failed_requests": 0,
      "ttft_ms": {
        "mean": 158.4689455003172,
        "median": 155.54120950037031,
        "p95": 191.47675650106066,
        "min": 143.13349399981234,
        "max": 179.65986900071584
      },
      "e2e_ms": {
        "mean": 14936.759334250155,
        "median": 14936.657334000301,
        "p95": 14974.5033324989
      },
      "tpot_ms": {
        "mean": 57.95407995588172,
        "median": 57.9018022470586
      },
      "throughput_tps": {
        "mean": 17.138951540626593,
        "total": 68.4410572546972
      },
      "tokens": {
        "total": 1024,
        "mean_per_request": 256
      }
    },
    {
      "concurrency": 8,
      "successful_requests": 8,
      "failed_requests": 0,
      "ttft_ms": {
        "mean": 205.31552424995425,
        "median": 206.26403300047969,
        "p95": 262.99281159999737,
        "min": 155.877094999596,
        "max": 254.35242599996855
      },
      "e2e_ms": {
        "mean": 15119.958514750237,
        "median": 15119.945588500286,
        "p95": 15186.109951050414
      },
      "tpot_ms": {
        "mean": 58.48879604117758,
        "median": 58.45885083137332
      },
      "throughput_tps": {
        "mean": 16.931369048109577,
        "total": 134.9387806626638
      },
      "tokens": {
        "total": 2048,
        "mean_per_request": 256
      }
    },
    {
      "concurrency": 16,
      "successful_requests": 16,
      "failed_requests": 0,
      "ttft_ms": {
        "mean": 282.26902274991517,
        "median": 270.67757800023173,
        "p95": 414.10612460040284,
        "min": 162.16009599975223,
        "max": 411.19265900033497
      },
      "e2e_ms": {
        "mean": 15418.065588749869,
        "median": 15427.970712000388,
        "p95": 15553.682263599057
      },
      "tpot_ms": {
        "mean": 59.473043300833346,
        "median": 59.445005454902045
      },
      "throughput_tps": {
        "mean": 16.571570455942883,
        "total": 262.8710492941827
      },
      "tokens": {
        "total": 4088,
        "mean_per_request": 255.5
      }
    },
    {
      "concurrency": 32,
      "successful_requests": 32,
      "failed_requests": 0,
      "ttft_ms": {
        "mean": 455.1010669063089,
        "median": 432.02590149985554,
        "p95": 687.1056676004173,
        "min": 246.30842900023708,
        "max": 698.7914430001183
      },
      "e2e_ms": {
        "mean": 17220.017485187527,
        "median": 17215.104510999936,
        "p95": 17468.77479435011
      },
      "tpot_ms": {
        "mean": 65.74477026776948,
        "median": 65.81225610392116
      },
      "throughput_tps": {
        "mean": 14.867610297036684,
        "total": 468.6424243028089
      },
      "tokens": {
        "total": 8192,
        "mean_per_request": 256
      }
    }
  ]
}