{
  "metadata": {
    "runtime": "vllm",
    "dataset": "sharegpt_sample",
    "timestamp": "2026-05-27T20:56:41.489617+00:00",
    "concurrency_levels": [
      1,
      4,
      8,
      16,
      32
    ]
  },
  "results": [
    {
      "concurrency": 1,
      "successful_requests": 1,
      "failed_requests": 0,
      "ttft_ms": {
        "mean": 84.55368499926408,
        "median": 84.55368499926408,
        "p95": 84.55368499926408,
        "min": 84.55368499926408,
        "max": 84.55368499926408
      },
      "e2e_ms": {
        "mean": 14585.050097999556,
        "median": 14585.050097999556,
        "p95": 14585.050097999556
      },
      "tpot_ms": {
        "mean": 56.86469181568742,
        "median": 56.86469181568742
      },
      "throughput_tps": {
        "mean": 17.55221944936015,
        "total": 17.55221944936015
      },
      "tokens": {
        "total": 256,
        "mean_per_request": 256
      }
    },
    {
      "concurrency": 4,
      "successful_requests": 4,
      "failed_requests": 0,
      "ttft_ms": {
        "mean": 130.11641849971056,
        "median": 132.02118799972595,
        "p95": 184.29134824918947,
        "min": 90.95879699998477,
        "max": 165.46450099940557
      },
      "e2e_ms": {
        "mean": 15018.793105499753,
        "median": 15021.632440999838,
        "p95": 15068.073989999446
      },
      "tpot_ms": {
        "mean": 58.38696740000017,
        "median": 58.38933405294109
      },
      "throughput_tps": {
        "mean": 17.045363030834523,
        "total": 68.03163337440022
      },
      "tokens": {
        "total": 1024,
        "mean_per_request": 256
      }
    },
    {
      "concurrency": 8,
      "successful_requests": 8,
      "failed_requests": 0,
      "ttft_ms": {
        "mean": 201.84238337515126,
        "median": 192.83152949992655,
        "p95": 304.96292575071493,
        "min": 160.0546050003686,
        "max": 277.4282400005177
      },
      "e2e_ms": {
        "mean": 15242.896670625101,
        "median": 15236.216355000124,
        "p95": 15343.685501450545
      },
      "tpot_ms": {
        "mean": 58.984526616666464,
        "median": 58.976005400000204
      },
      "throughput_tps": {
        "mean": 16.794790973508295,
        "total": 133.7141024079922
      },
      "tokens": {
        "total": 2048,
        "mean_per_request": 256
      }
    },
    {
      "concurrency": 16,
      "successful_requests": 16,
      "failed_requests": 0,
      "ttft_ms": {
        "mean": 286.97007843766187,
        "median": 288.39046700022664,
        "p95": 413.8298849999501,
        "min": 176.69488200044725,
        "max": 408.9009839999562
      },
      "e2e_ms": {
        "mean": 15598.087346000228,
        "median": 15604.070828499971,
        "p95": 15721.995745350703
      },
      "tpot_ms": {
        "mean": 60.04359712769634,
        "median": 60.03307448823655
      },
      "throughput_tps": {
        "mean": 16.412560400128086,
        "total": 260.608493123966
      },
      "tokens": {
        "total": 4096,
        "mean_per_request": 256
      }
    },
    {
      "concurrency": 32,
      "successful_requests": 32,
      "failed_requests": 0,
      "ttft_ms": {
        "mean": 503.82522050006173,
        "median": 528.5035574997892,
        "p95": 721.3543601495985,
        "min": 269.7597380001753,
        "max": 775.9993589997976
      },
      "e2e_ms": {
        "mean": 17299.788983187624,
        "median": 17329.00380000001,
        "p95": 17521.661416399456
      },
      "tpot_ms": {
        "mean": 65.91514726855978,
        "median": 65.88579202352955
      },
      "throughput_tps": {
        "mean": 14.788007034453905,
        "total": 465.74634475474255
      },
      "tokens": {
        "total": 8186,
        "mean_per_request": 255.8125
      }
    }
  ]
}