{
  "metadata": {
    "runtime": "vllm",
    "dataset": "voice_turns",
    "timestamp": "2026-05-27T20:54:06.016674+00:00",
    "concurrency_levels": [
      1,
      4,
      8,
      16,
      32
    ]
  },
  "results": [
    {
      "concurrency": 1,
      "successful_requests": 1,
      "failed_requests": 0,
      "ttft_ms": {
        "mean": 116.33730299945455,
        "median": 116.33730299945455,
        "p95": 116.33730299945455,
        "min": 116.33730299945455,
        "max": 116.33730299945455
      },
      "e2e_ms": {
        "mean": 512.9899599996861,
        "median": 512.9899599996861,
        "p95": 512.9899599996861
      },
      "tpot_ms": {
        "mean": 66.10877616670525,
        "median": 66.10877616670525
      },
      "throughput_tps": {
        "mean": 13.645491229505316,
        "total": 13.645491229505316
      },
      "tokens": {
        "total": 7,
        "mean_per_request": 7
      }
    },
    {
      "concurrency": 4,
      "successful_requests": 4,
      "failed_requests": 0,
      "ttft_ms": {
        "mean": 131.79113075011628,
        "median": 132.57553150015156,
        "p95": 164.22229024988155,
        "min": 107.57854900020902,
        "max": 154.434910999953
      },
      "e2e_ms": {
        "mean": 7874.305238749912,
        "median": 8004.969950500254,
        "p95": 14950.875630499697
      },
      "tpot_ms": {
        "mean": 61.66281631609491,
        "median": 59.98804002342115
      },
      "throughput_tps": {
        "mean": 15.604263007305509,
        "total": 35.89224099245366
      },
      "tokens": {
        "total": 536,
        "mean_per_request": 134
      }
    },
    {
      "concurrency": 8,
      "successful_requests": 8,
      "failed_requests": 0,
      "ttft_ms": {
        "mean": 195.9702249998827,
        "median": 186.86611699968125,
        "p95": 317.37772944989047,
        "min": 160.80177999992884,
        "max": 280.7384899997487
      },
      "e2e_ms": {
        "mean": 9852.768727500119,
        "median": 15074.508727500415,
        "p95": 15125.092952099705
      },
      "tpot_ms": {
        "mean": 60.59868262345281,
        "median": 58.49695884313833
      },
      "throughput_tps": {
        "mean": 15.514565789981189,
        "total": 87.69082984268996
      },
      "tokens": {
        "total": 1326,
        "mean_per_request": 165.75
      }
    },
    {
      "concurrency": 16,
      "successful_requests": 16,
      "failed_requests": 0,
      "ttft_ms": {
        "mean": 299.0835258124207,
        "median": 299.2547015001037,
        "p95": 428.30291370028135,
        "min": 191.84692799990444,
        "max": 423.4755360002964
      },
      "e2e_ms": {
        "mean": 12651.112458374826,
        "median": 15437.27868049973,
        "p95": 15599.751046149686
      },
      "tpot_ms": {
        "mean": 60.84903172804169,
        "median": 59.49590356666722
      },
      "throughput_tps": {
        "mean": 15.674425763181413,
        "total": 213.7243681945104
      },
      "tokens": {
        "total": 3333,
        "mean_per_request": 208.3125
      }
    },
    {
      "concurrency": 32,
      "successful_requests": 32,
      "failed_requests": 0,
      "ttft_ms": {
        "mean": 501.5130036875064,
        "median": 510.93281700013904,
        "p95": 730.3446781005732,
        "min": 249.87484800021775,
        "max": 751.116108000133
      },
      "e2e_ms": {
        "mean": 14885.408765187492,
        "median": 17130.014842499804,
        "p95": 17454.50720180006
      },
      "tpot_ms": {
        "mean": 66.38806284016916,
        "median": 65.58421331960655
      },
      "throughput_tps": {
        "mean": 14.249535956521395,
        "total": 403.2457081216439
      },
      "tokens": {
        "total": 7047,
        "mean_per_request": 220.21875
      }
    }
  ]
}